SA2_MAIN16,SA2_5DIG16,SA2_NAME16,SA3_CODE16,SA3_NAME16,SA4_CODE16,SA4_NAME16,GCC_CODE16,GCC_NAME16,STE_CODE16,STE_NAME16,AREASQKM16,GCC_CODE16_2,GCC_NAME16_2,STE_CODE16_2,STE_NAME16_2,AREASQKM16_2,xcoord,ycoord
"102011028","11028",Avoca Beach - Copacabana,"10201",Gosford,"102",Central Coast,1GSYD,Greater Sydney,"1",New South Wales,6.437600000000000,1GSYD,Greater Sydney,"1",New South Wales,12368.193300000000818,151.430177019623,-33.4754203175293
"102011029","11029",Box Head - MacMasters Beach,"10201",Gosford,"102",Central Coast,1GSYD,Greater Sydney,"1",New South Wales,32.085999999999999,1GSYD,Greater Sydney,"1",New South Wales,12368.193300000000818,151.384750880558,-33.5085347994093
"102011030","11030",Calga - Kulnura,"10201",Gosford,"102",Central Coast,1GSYD,Greater Sydney,"1",New South Wales,767.951199999999972,1GSYD,Greater Sydney,"1",New South Wales,12368.193300000000818,151.175312192956,-33.3397352645893
"102011031","11031",Erina - Green Point,"10201",Gosford,"102",Central Coast,1GSYD,Greater Sydney,"1",New South Wales,33.793399999999998,1GSYD,Greater Sydney,"1",New South Wales,12368.193300000000818,151.402494453011,-33.423248768043
"102011032","11032",Gosford - Springfield,"10201",Gosford,"102",Central Coast,1GSYD,Greater Sydney,"1",New South Wales,16.912400000000002,1GSYD,Greater Sydney,"1",New South Wales,12368.193300000000818,151.347889304988,-33.4252584057345
"102011033","11033",Kariong,"10201",Gosford,"102",Central Coast,1GSYD,Greater Sydney,"1",New South Wales,8.306300000000000,1GSYD,Greater Sydney,"1",New South Wales,12368.193300000000818,151.294527629818,-33.4397208652748
"102011034","11034",Kincumber - Picketts Valley,"10201",Gosford,"102",Central Coast,1GSYD,Greater Sydney,"1",New South Wales,12.088699999999999,1GSYD,Greater Sydney,"1",New South Wales,12368.193300000000818,151.403118501206,-33.4698064265921
"102011035","11035",Narara,"10201",Gosford,"102",Central Coast,1GSYD,Greater Sydney,"1",New South Wales,7.702100000000000,1GSYD,Greater Sydney,"1",New South Wales,12368.193300000000818,151.33421458327,-33.3960963506298
"102011036","11036",Niagara Park - Lisarow,"10201",Gosford,"102",Central Coast,1GSYD,Greater Sydney,"1",New South Wales,16.731600000000000,1GSYD,Greater Sydney,"1",New South Wales,12368.193300000000818,151.37282242985,-33.3842808441086
"102011037","11037",Point Clare - Koolewong,"10201",Gosford,"102",Central Coast,1GSYD,Greater Sydney,"1",New South Wales,6.787400000000000,1GSYD,Greater Sydney,"1",New South Wales,12368.193300000000818,151.316329339212,-33.448222490686
"102011038","11038",Saratoga - Davistown,"10201",Gosford,"102",Central Coast,1GSYD,Greater Sydney,"1",New South Wales,4.768300000000000,1GSYD,Greater Sydney,"1",New South Wales,12368.193300000000818,151.357560105882,-33.4774984981281
"102011039","11039",Terrigal - North Avoca,"10201",Gosford,"102",Central Coast,1GSYD,Greater Sydney,"1",New South Wales,10.107300000000000,1GSYD,Greater Sydney,"1",New South Wales,12368.193300000000818,151.428071586021,-33.4450377236426
"102011040","11040",Umina - Booker Bay - Patonga,"10201",Gosford,"102",Central Coast,1GSYD,Greater Sydney,"1",New South Wales,25.228400000000001,1GSYD,Greater Sydney,"1",New South Wales,12368.193300000000818,151.29818406692,-33.5291795837951
"102011041","11041",Wamberal - Forresters Beach,"10201",Gosford,"102",Central Coast,1GSYD,Greater Sydney,"1",New South Wales,13.722099999999999,1GSYD,Greater Sydney,"1",New South Wales,12368.193300000000818,151.44994696848,-33.4097100096433
"102011042","11042",Woy Woy - Blackwall,"10201",Gosford,"102",Central Coast,1GSYD,Greater Sydney,"1",New South Wales,17.422499999999999,1GSYD,Greater Sydney,"1",New South Wales,12368.193300000000818,151.305681667584,-33.4851797179743
"102011043","11043",Wyoming,"10201",Gosford,"102",Central Coast,1GSYD,Greater Sydney,"1",New South Wales,8.381000000000000,1GSYD,Greater Sydney,"1",New South Wales,12368.193300000000818,151.364057499855,-33.4047437992491
"102021044","11044",Bateau Bay - Killarney Vale,"10202",Wyong,"102",Central Coast,1GSYD,Greater Sydney,"1",New South Wales,10.859500000000001,1GSYD,Greater Sydney,"1",New South Wales,12368.193300000000818,151.467450404242,-33.3796074961604
"102021045","11045",Blue Haven - San Remo,"10202",Wyong,"102",Central Coast,1GSYD,Greater Sydney,"1",New South Wales,20.979700000000001,1GSYD,Greater Sydney,"1",New South Wales,12368.193300000000818,151.52417507356,-33.2040613730691
"102021046","11046",Budgewoi - Buff Point - Halekulani,"10202",Wyong,"102",Central Coast,1GSYD,Greater Sydney,"1",New South Wales,9.353100000000000,1GSYD,Greater Sydney,"1",New South Wales,12368.193300000000818,151.560870184312,-33.2266566615488
"102021047","11047",Chittaway Bay - Tumbi Umbi,"10202",Wyong,"102",Central Coast,1GSYD,Greater Sydney,"1",New South Wales,24.498600000000000,1GSYD,Greater Sydney,"1",New South Wales,12368.193300000000818,151.428280564042,-33.3544850831578
"102021048","11048",Gorokan - Kanwal - Charmhaven,"10202",Wyong,"102",Central Coast,1GSYD,Greater Sydney,"1",New South Wales,11.249000000000001,1GSYD,Greater Sydney,"1",New South Wales,12368.193300000000818,151.494749772284,-33.2579419498845
"102021049","11049",Jilliby - Yarramalong,"10202",Wyong,"102",Central Coast,1GSYD,Greater Sydney,"1",New South Wales,346.766200000000026,1GSYD,Greater Sydney,"1",New South Wales,12368.193300000000818,151.3241499732,-33.1729874909615
"102021050","11050",Lake Munmorah - Mannering Park,"10202",Wyong,"102",Central Coast,1GSYD,Greater Sydney,"1",New South Wales,35.494599999999998,1GSYD,Greater Sydney,"1",New South Wales,12368.193300000000818,151.575949219645,-33.1804619280254
"102021051","11051",Ourimbah - Fountaindale,"10202",Wyong,"102",Central Coast,1GSYD,Greater Sydney,"1",New South Wales,114.117199999999997,1GSYD,Greater Sydney,"1",New South Wales,12368.193300000000818,151.335132711475,-33.3165178340011
"102021052","11052",Summerland Point - Gwandalan,"10202",Wyong,"102",Central Coast,1GSYD,Greater Sydney,"1",New South Wales,9.179300000000000,1GSYD,Greater Sydney,"1",New South Wales,12368.193300000000818,151.576904246733,-33.1409752020208
"102021053","11053",The Entrance,"10202",Wyong,"102",Central Coast,1GSYD,Greater Sydney,"1",New South Wales,13.857600000000000,1GSYD,Greater Sydney,"1",New South Wales,12368.193300000000818,151.512022219816,-33.3291013609245
"102021054","11054",Toukley - Norah Head,"10202",Wyong,"102",Central Coast,1GSYD,Greater Sydney,"1",New South Wales,10.521599999999999,1GSYD,Greater Sydney,"1",New South Wales,12368.193300000000818,151.554586641562,-33.2730699942178
"102021055","11055",Tuggerah - Kangy Angy,"10202",Wyong,"102",Central Coast,1GSYD,Greater Sydney,"1",New South Wales,27.846299999999999,1GSYD,Greater Sydney,"1",New South Wales,12368.193300000000818,151.412176456498,-33.3048788542227
"102021056","11056",Warnervale - Wadalba,"10202",Wyong,"102",Central Coast,1GSYD,Greater Sydney,"1",New South Wales,42.890000000000001,1GSYD,Greater Sydney,"1",New South Wales,12368.193300000000818,151.458151080046,-33.2420313502958
"102021057","11057",Wyong,"10202",Wyong,"102",Central Coast,1GSYD,Greater Sydney,"1",New South Wales,15.033400000000000,1GSYD,Greater Sydney,"1",New South Wales,12368.193300000000818,151.435216370554,-33.2765724041728
"115011290","11290",Baulkham Hills (East),"11501",Baulkham Hills,"115",Sydney - Baulkham Hills and Hawkesbury,1GSYD,Greater Sydney,"1",New South Wales,8.308100000000000,1GSYD,Greater Sydney,"1",New South Wales,12368.193300000000818,150.988037644651,-33.7599864411358
"115011291","11291",Baulkham Hills (West) - Bella Vista,"11501",Baulkham Hills,"115",Sydney - Baulkham Hills and Hawkesbury,1GSYD,Greater Sydney,"1",New South Wales,10.963100000000001,1GSYD,Greater Sydney,"1",New South Wales,12368.193300000000818,150.964472390123,-33.7424053750984
"115011294","11294",Glenhaven,"11501",Baulkham Hills,"115",Sydney - Baulkham Hills and Hawkesbury,1GSYD,Greater Sydney,"1",New South Wales,7.230900000000000,1GSYD,Greater Sydney,"1",New South Wales,12368.193300000000818,150.998846097392,-33.7021110520237
"115011296","11296",West Pennant Hills,"11501",Baulkham Hills,"115",Sydney - Baulkham Hills and Hawkesbury,1GSYD,Greater Sydney,"1",New South Wales,7.829100000000000,1GSYD,Greater Sydney,"1",New South Wales,12368.193300000000818,151.030295730154,-33.7499909415584
"115011553","11553",Castle Hill - Central,"11501",Baulkham Hills,"115",Sydney - Baulkham Hills and Hawkesbury,1GSYD,Greater Sydney,"1",New South Wales,4.151200000000000,1GSYD,Greater Sydney,"1",New South Wales,12368.193300000000818,150.987885223829,-33.733587550646
"115011554","11554",Castle Hill - East,"11501",Baulkham Hills,"115",Sydney - Baulkham Hills and Hawkesbury,1GSYD,Greater Sydney,"1",New South Wales,2.072000000000000,1GSYD,Greater Sydney,"1",New South Wales,12368.193300000000818,151.024190524128,-33.7224292820927
"115011555","11555",Castle Hill - North,"11501",Baulkham Hills,"115",Sydney - Baulkham Hills and Hawkesbury,1GSYD,Greater Sydney,"1",New South Wales,6.814900000000000,1GSYD,Greater Sydney,"1",New South Wales,12368.193300000000818,150.999479611297,-33.7199703617943
"115011556","11556",Castle Hill - South,"11501",Baulkham Hills,"115",Sydney - Baulkham Hills and Hawkesbury,1GSYD,Greater Sydney,"1",New South Wales,4.127700000000000,1GSYD,Greater Sydney,"1",New South Wales,12368.193300000000818,151.009652643067,-33.7416340570688
"115011557","11557",Castle Hill - West,"11501",Baulkham Hills,"115",Sydney - Baulkham Hills and Hawkesbury,1GSYD,Greater Sydney,"1",New South Wales,1.636300000000000,1GSYD,Greater Sydney,"1",New South Wales,12368.193300000000818,150.974875499863,-33.7188748247445
"115011558","11558",Cherrybrook,"11501",Baulkham Hills,"115",Sydney - Baulkham Hills and Hawkesbury,1GSYD,Greater Sydney,"1",New South Wales,8.251400000000000,1GSYD,Greater Sydney,"1",New South Wales,12368.193300000000818,151.04613374209,-33.721963993011
"115011559","11559",Kellyville,"11501",Baulkham Hills,"115",Sydney - Baulkham Hills and Hawkesbury,1GSYD,Greater Sydney,"1",New South Wales,10.641000000000000,1GSYD,Greater Sydney,"1",New South Wales,12368.193300000000818,150.957445932703,-33.7118697791641
"115021297","11297",Dural - Kenthurst - Wisemans Ferry,"11502",Dural - Wisemans Ferry,"115",Sydney - Baulkham Hills and Hawkesbury,1GSYD,Greater Sydney,"1",New South Wales,377.539600000000007,1GSYD,Greater Sydney,"1",New South Wales,12368.193300000000818,150.982314266626,-33.5465055499533
"115021298","11298",Galston - Laughtondale,"11502",Dural - Wisemans Ferry,"115",Sydney - Baulkham Hills and Hawkesbury,1GSYD,Greater Sydney,"1",New South Wales,191.699000000000012,1GSYD,Greater Sydney,"1",New South Wales,12368.193300000000818,151.078607498514,-33.549476021459
"115031299","11299",Bilpin - Colo - St Albans,"11503",Hawkesbury,"115",Sydney - Baulkham Hills and Hawkesbury,1GSYD,Greater Sydney,"1",New South Wales,2160.160100000000057,1GSYD,Greater Sydney,"1",New South Wales,12368.193300000000818,150.782943871761,-33.2707925723085
"115031300","11300",Kurrajong Heights - Ebenezer,"11503",Hawkesbury,"115",Sydney - Baulkham Hills and Hawkesbury,1GSYD,Greater Sydney,"1",New South Wales,331.850000000000023,1GSYD,Greater Sydney,"1",New South Wales,12368.193300000000818,150.748627049555,-33.5271949682912
"115041301","11301",Pitt Town - McGraths Hill,"11504",Rouse Hill - McGraths Hill,"115",Sydney - Baulkham Hills and Hawkesbury,1GSYD,Greater Sydney,"1",New South Wales,81.551599999999993,1GSYD,Greater Sydney,"1",New South Wales,12368.193300000000818,150.880410670371,-33.6024710375526
"115041302","11302",Rouse Hill - Beaumont Hills,"11504",Rouse Hill - McGraths Hill,"115",Sydney - Baulkham Hills and Hawkesbury,1GSYD,Greater Sydney,"1",New South Wales,36.672499999999999,1GSYD,Greater Sydney,"1",New South Wales,12368.193300000000818,150.921107564039,-33.6630276869217
"116011303","11303",Blacktown (East) - Kings Park,"11601",Blacktown,"116",Sydney - Blacktown,1GSYD,Greater Sydney,"1",New South Wales,7.975300000000000,1GSYD,Greater Sydney,"1",New South Wales,12368.193300000000818,150.911550090296,-33.7568493607882
"116011304","11304",Blacktown (North) - Marayong,"11601",Blacktown,"116",Sydney - Blacktown,1GSYD,Greater Sydney,"1",New South Wales,7.382900000000000,1GSYD,Greater Sydney,"1",New South Wales,12368.193300000000818,150.889312295986,-33.7485997427929
"116011306","11306",Doonside - Woodcroft,"11601",Blacktown,"116",Sydney - Blacktown,1GSYD,Greater Sydney,"1",New South Wales,9.910600000000001,1GSYD,Greater Sydney,"1",New South Wales,12368.193300000000818,150.871954522849,-33.7649246986281
"116011307","11307",Lalor Park - Kings Langley,"11601",Blacktown,"116",Sydney - Blacktown,1GSYD,Greater Sydney,"1",New South Wales,11.799799999999999,1GSYD,Greater Sydney,"1",New South Wales,12368.193300000000818,150.939065342897,-33.7617677486339
"116011308","11308",Seven Hills - Toongabbie,"11601",Blacktown,"116",Sydney - Blacktown,1GSYD,Greater Sydney,"1",New South Wales,11.203300000000000,1GSYD,Greater Sydney,"1",New South Wales,12368.193300000000818,150.925730257561,-33.7931195283106
"116011560","11560",Blacktown (South),"11601",Blacktown,"116",Sydney - Blacktown,1GSYD,Greater Sydney,"1",New South Wales,3.359400000000000,1GSYD,Greater Sydney,"1",New South Wales,12368.193300000000818,150.908156764758,-33.7870027884011
"116011561","11561",Blacktown (West),"11601",Blacktown,"116",Sydney - Blacktown,1GSYD,Greater Sydney,"1",New South Wales,4.675300000000000,1GSYD,Greater Sydney,"1",New South Wales,12368.193300000000818,150.892044851863,-33.7779747046667
"116021309","11309",Glenwood,"11602",Blacktown - North,"116",Sydney - Blacktown,1GSYD,Greater Sydney,"1",New South Wales,5.118600000000000,1GSYD,Greater Sydney,"1",New South Wales,12368.193300000000818,150.934881492492,-33.7356933255921
"116021310","11310",Parklea - Kellyville Ridge,"11602",Blacktown - North,"116",Sydney - Blacktown,1GSYD,Greater Sydney,"1",New South Wales,9.813200000000000,1GSYD,Greater Sydney,"1",New South Wales,12368.193300000000818,150.917776220931,-33.7103471888385
"116021312","11312",Riverstone - Marsden Park,"11602",Blacktown - North,"116",Sydney - Blacktown,1GSYD,Greater Sydney,"1",New South Wales,79.421000000000006,1GSYD,Greater Sydney,"1",New South Wales,12368.193300000000818,150.845834568385,-33.692051302342
"116021562","11562",Acacia Gardens,"11602",Blacktown - North,"116",Sydney - Blacktown,1GSYD,Greater Sydney,"1",New South Wales,0.946600000000000,1GSYD,Greater Sydney,"1",New South Wales,12368.193300000000818,150.913897579163,-33.7333707716172
"116021563","11563",Quakers Hill,"11602",Blacktown - North,"116",Sydney - Blacktown,1GSYD,Greater Sydney,"1",New South Wales,7.767500000000000,1GSYD,Greater Sydney,"1",New South Wales,12368.193300000000818,150.890792684973,-33.7241347690141
"116031313","11313",Bidwill - Hebersham - Emerton,"11603",Mount Druitt,"116",Sydney - Blacktown,1GSYD,Greater Sydney,"1",New South Wales,6.095000000000000,1GSYD,Greater Sydney,"1",New South Wales,12368.193300000000818,150.818131731448,-33.7407186561215
"116031314","11314",Glendenning - Dean Park,"11603",Mount Druitt,"116",Sydney - Blacktown,1GSYD,Greater Sydney,"1",New South Wales,5.142500000000000,1GSYD,Greater Sydney,"1",New South Wales,12368.193300000000818,150.855800301933,-33.7441272822539
"116031315","11315",Hassall Grove - Plumpton,"11603",Mount Druitt,"116",Sydney - Blacktown,1GSYD,Greater Sydney,"1",New South Wales,6.205300000000000,1GSYD,Greater Sydney,"1",New South Wales,12368.193300000000818,150.837603810758,-33.7435218332221
"116031316","11316",Lethbridge Park - Tregear,"11603",Mount Druitt,"116",Sydney - Blacktown,1GSYD,Greater Sydney,"1",New South Wales,11.267200000000001,1GSYD,Greater Sydney,"1",New South Wales,12368.193300000000818,150.788225715603,-33.7318637075321
"116031317","11317",Mount Druitt - Whalan,"11603",Mount Druitt,"116",Sydney - Blacktown,1GSYD,Greater Sydney,"1",New South Wales,8.685499999999999,1GSYD,Greater Sydney,"1",New South Wales,12368.193300000000818,150.812854653205,-33.764974045272
"116031318","11318",Prospect Reservoir,"11603",Mount Druitt,"116",Sydney - Blacktown,1GSYD,Greater Sydney,"1",New South Wales,30.691700000000001,1GSYD,Greater Sydney,"1",New South Wales,12368.193300000000818,150.86440243397,-33.8090286158106
"116031319","11319",Rooty Hill - Minchinbury,"11603",Mount Druitt,"116",Sydney - Blacktown,1GSYD,Greater Sydney,"1",New South Wales,14.624400000000000,1GSYD,Greater Sydney,"1",New South Wales,12368.193300000000818,150.843203458995,-33.7800978035421
"117011320","11320",Banksmeadow,"11701",Botany,"117",Sydney - City and Inner South,1GSYD,Greater Sydney,"1",New South Wales,3.368300000000000,1GSYD,Greater Sydney,"1",New South Wales,12368.193300000000818,151.215241004464,-33.9558240340987
"117011321","11321",Botany,"11701",Botany,"117",Sydney - City and Inner South,1GSYD,Greater Sydney,"1",New South Wales,3.430800000000000,1GSYD,Greater Sydney,"1",New South Wales,12368.193300000000818,151.200621117776,-33.9490907910767
"117011322","11322",Mascot - Eastlakes,"11701",Botany,"117",Sydney - City and Inner South,1GSYD,Greater Sydney,"1",New South Wales,6.165000000000000,1GSYD,Greater Sydney,"1",New South Wales,12368.193300000000818,151.201279110154,-33.9294088093701
"117011323","11323",Pagewood - Hillsdale - Daceyville,"11701",Botany,"117",Sydney - City and Inner South,1GSYD,Greater Sydney,"1",New South Wales,3.118700000000000,1GSYD,Greater Sydney,"1",New South Wales,12368.193300000000818,151.222927323076,-33.9408284879065
"117011324","11324",Port Botany Industrial,"11701",Botany,"117",Sydney - City and Inner South,1GSYD,Greater Sydney,"1",New South Wales,2.804400000000000,1GSYD,Greater Sydney,"1",New South Wales,12368.193300000000818,151.222503356863,-33.9721366215506
"117011325","11325",Sydney Airport,"11701",Botany,"117",Sydney - City and Inner South,1GSYD,Greater Sydney,"1",New South Wales,8.910600000000001,1GSYD,Greater Sydney,"1",New South Wales,12368.193300000000818,151.178604867985,-33.9443301087921
"117021326","11326",Marrickville,"11702",Marrickville - Sydenham - Petersham,"117",Sydney - City and Inner South,1GSYD,Greater Sydney,"1",New South Wales,5.812700000000000,1GSYD,Greater Sydney,"1",New South Wales,12368.193300000000818,151.155552069954,-33.9112593682216
"117021327","11327",Petersham - Stanmore,"11702",Marrickville - Sydenham - Petersham,"117",Sydney - City and Inner South,1GSYD,Greater Sydney,"1",New South Wales,3.003300000000000,1GSYD,Greater Sydney,"1",New South Wales,12368.193300000000818,151.161962424442,-33.8947278352333
"117021328","11328",Sydenham - Tempe - St Peters,"11702",Marrickville - Sydenham - Petersham,"117",Sydney - City and Inner South,1GSYD,Greater Sydney,"1",New South Wales,3.853900000000000,1GSYD,Greater Sydney,"1",New South Wales,12368.193300000000818,151.169385461735,-33.9203477429441
"117031329","11329",Darlinghurst,"11703",Sydney Inner City,"117",Sydney - City and Inner South,1GSYD,Greater Sydney,"1",New South Wales,0.856900000000000,1GSYD,Greater Sydney,"1",New South Wales,12368.193300000000818,151.219439782436,-33.8779095844683
"117031330","11330",Erskineville - Alexandria,"11703",Sydney Inner City,"117",Sydney - City and Inner South,1GSYD,Greater Sydney,"1",New South Wales,4.320000000000000,1GSYD,Greater Sydney,"1",New South Wales,12368.193300000000818,151.191463815942,-33.9084858917241
"117031331","11331",Glebe - Forest Lodge,"11703",Sydney Inner City,"117",Sydney - City and Inner South,1GSYD,Greater Sydney,"1",New South Wales,2.301800000000000,1GSYD,Greater Sydney,"1",New South Wales,12368.193300000000818,151.184771877702,-33.8792037448498
"117031332","11332",Newtown - Camperdown - Darlington,"11703",Sydney Inner City,"117",Sydney - City and Inner South,1GSYD,Greater Sydney,"1",New South Wales,3.281200000000000,1GSYD,Greater Sydney,"1",New South Wales,12368.193300000000818,151.182246568526,-33.8938010295053
"117031333","11333",Potts Point - Woolloomooloo,"11703",Sydney Inner City,"117",Sydney - City and Inner South,1GSYD,Greater Sydney,"1",New South Wales,1.459100000000000,1GSYD,Greater Sydney,"1",New South Wales,12368.193300000000818,151.224078439912,-33.8701336495854
"117031334","11334",Pyrmont - Ultimo,"11703",Sydney Inner City,"117",Sydney - City and Inner South,1GSYD,Greater Sydney,"1",New South Wales,1.491300000000000,1GSYD,Greater Sydney,"1",New South Wales,12368.193300000000818,151.195186866829,-33.873221205241
"117031335","11335",Redfern - Chippendale,"11703",Sydney Inner City,"117",Sydney - City and Inner South,1GSYD,Greater Sydney,"1",New South Wales,2.163100000000000,1GSYD,Greater Sydney,"1",New South Wales,12368.193300000000818,151.20163023321,-33.8922638093279
"117031336","11336",Surry Hills,"11703",Sydney Inner City,"117",Sydney - City and Inner South,1GSYD,Greater Sydney,"1",New South Wales,1.316400000000000,1GSYD,Greater Sydney,"1",New South Wales,12368.193300000000818,151.211975330504,-33.8856195603556
"117031337","11337",Sydney - Haymarket - The Rocks,"11703",Sydney Inner City,"117",Sydney - City and Inner South,1GSYD,Greater Sydney,"1",New South Wales,4.293400000000000,1GSYD,Greater Sydney,"1",New South Wales,12368.193300000000818,151.207962253559,-33.8680874615108
"117031338","11338",Waterloo - Beaconsfield,"11703",Sydney Inner City,"117",Sydney - City and Inner South,1GSYD,Greater Sydney,"1",New South Wales,3.580900000000000,1GSYD,Greater Sydney,"1",New South Wales,12368.193300000000818,151.206663855015,-33.9092503968414
"118011339","11339",Bondi - Tamarama - Bronte,"11801",Eastern Suburbs - North,"118",Sydney - Eastern Suburbs,1GSYD,Greater Sydney,"1",New South Wales,2.496300000000000,1GSYD,Greater Sydney,"1",New South Wales,12368.193300000000818,151.264983515148,-33.8999737546679
"118011340","11340",Bondi Beach - North Bondi,"11801",Eastern Suburbs - North,"118",Sydney - Eastern Suburbs,1GSYD,Greater Sydney,"1",New South Wales,2.460500000000000,1GSYD,Greater Sydney,"1",New South Wales,12368.193300000000818,151.275401490115,-33.8871043684641
"118011341","11341",Bondi Junction - Waverly,"11801",Eastern Suburbs - North,"118",Sydney - Eastern Suburbs,1GSYD,Greater Sydney,"1",New South Wales,2.523400000000000,1GSYD,Greater Sydney,"1",New South Wales,12368.193300000000818,151.250789402905,-33.8971819293735
"118011342","11342",Centennial Park,"11801",Eastern Suburbs - North,"118",Sydney - Eastern Suburbs,1GSYD,Greater Sydney,"1",New South Wales,1.978600000000000,1GSYD,Greater Sydney,"1",New South Wales,12368.193300000000818,151.234255760741,-33.8983612374134
"118011343","11343",Double Bay - Bellevue Hill,"11801",Eastern Suburbs - North,"118",Sydney - Eastern Suburbs,1GSYD,Greater Sydney,"1",New South Wales,4.714000000000000,1GSYD,Greater Sydney,"1",New South Wales,12368.193300000000818,151.249568343566,-33.8776140465741
"118011344","11344",Dover Heights,"11801",Eastern Suburbs - North,"118",Sydney - Eastern Suburbs,1GSYD,Greater Sydney,"1",New South Wales,1.870500000000000,1GSYD,Greater Sydney,"1",New South Wales,12368.193300000000818,151.27974730557,-33.871053362724
"118011345","11345",Paddington - Moore Park,"11801",Eastern Suburbs - North,"118",Sydney - Eastern Suburbs,1GSYD,Greater Sydney,"1",New South Wales,3.725000000000000,1GSYD,Greater Sydney,"1",New South Wales,12368.193300000000818,151.224983309361,-33.8902454898878
"118011346","11346",Rose Bay - Vaucluse - Watsons Bay,"11801",Eastern Suburbs - North,"118",Sydney - Eastern Suburbs,1GSYD,Greater Sydney,"1",New South Wales,5.136100000000000,1GSYD,Greater Sydney,"1",New South Wales,12368.193300000000818,151.274137046008,-33.8599774493623
"118011347","11347",Woollahra,"11801",Eastern Suburbs - North,"118",Sydney - Eastern Suburbs,1GSYD,Greater Sydney,"1",New South Wales,1.280500000000000,1GSYD,Greater Sydney,"1",New South Wales,12368.193300000000818,151.243669967829,-33.8867943023726
"118021348","11348",Coogee - Clovelly,"11802",Eastern Suburbs - South,"118",Sydney - Eastern Suburbs,1GSYD,Greater Sydney,"1",New South Wales,3.835600000000000,1GSYD,Greater Sydney,"1",New South Wales,12368.193300000000818,151.256209695988,-33.9218621387736
"118021350","11350",Malabar - La Perouse - Chifley,"11802",Eastern Suburbs - South,"118",Sydney - Eastern Suburbs,1GSYD,Greater Sydney,"1",New South Wales,11.825400000000000,1GSYD,Greater Sydney,"1",New South Wales,12368.193300000000818,151.244015910261,-33.972620298728
"118021564","11564",Kensington (NSW),"11802",Eastern Suburbs - South,"118",Sydney - Eastern Suburbs,1GSYD,Greater Sydney,"1",New South Wales,2.642200000000000,1GSYD,Greater Sydney,"1",New South Wales,12368.193300000000818,151.220751211389,-33.9133752914531
"118021565","11565",Kingsford,"11802",Eastern Suburbs - South,"118",Sydney - Eastern Suburbs,1GSYD,Greater Sydney,"1",New South Wales,2.014100000000000,1GSYD,Greater Sydney,"1",New South Wales,12368.193300000000818,151.228961521545,-33.9251554565211
"118021566","11566",Maroubra - North,"11802",Eastern Suburbs - South,"118",Sydney - Eastern Suburbs,1GSYD,Greater Sydney,"1",New South Wales,1.811200000000000,1GSYD,Greater Sydney,"1",New South Wales,12368.193300000000818,151.250412456346,-33.939223245241
"118021567","11567",Maroubra - South,"11802",Eastern Suburbs - South,"118",Sydney - Eastern Suburbs,1GSYD,Greater Sydney,"1",New South Wales,2.065000000000000,1GSYD,Greater Sydney,"1",New South Wales,12368.193300000000818,151.248765810607,-33.9483304338564
"118021568","11568",Maroubra - West,"11802",Eastern Suburbs - South,"118",Sydney - Eastern Suburbs,1GSYD,Greater Sydney,"1",New South Wales,2.046400000000000,1GSYD,Greater Sydney,"1",New South Wales,12368.193300000000818,151.234471922413,-33.9439256069963
"118021569","11569",Randwick - North,"11802",Eastern Suburbs - South,"118",Sydney - Eastern Suburbs,1GSYD,Greater Sydney,"1",New South Wales,1.935600000000000,1GSYD,Greater Sydney,"1",New South Wales,12368.193300000000818,151.244144277231,-33.9080770315773
"118021570","11570",Randwick - South,"11802",Eastern Suburbs - South,"118",Sydney - Eastern Suburbs,1GSYD,Greater Sydney,"1",New South Wales,3.372600000000000,1GSYD,Greater Sydney,"1",New South Wales,12368.193300000000818,151.239338106154,-33.9197529677376
"119011354","11354",Bass Hill - Georges Hall,"11901",Bankstown,"119",Sydney - Inner South West,1GSYD,Greater Sydney,"1",New South Wales,8.916100000000000,1GSYD,Greater Sydney,"1",New South Wales,12368.193300000000818,150.988234916161,-33.9011200643494
"119011355","11355",Chullora,"11901",Bankstown,"119",Sydney - Inner South West,1GSYD,Greater Sydney,"1",New South Wales,4.050100000000000,1GSYD,Greater Sydney,"1",New South Wales,12368.193300000000818,151.043989810212,-33.8926652084371
"119011356","11356",Condell Park,"11901",Bankstown,"119",Sydney - Inner South West,1GSYD,Greater Sydney,"1",New South Wales,10.003600000000000,1GSYD,Greater Sydney,"1",New South Wales,12368.193300000000818,150.999988484679,-33.9266984966027
"119011357","11357",Greenacre - Mount Lewis,"11901",Bankstown,"119",Sydney - Inner South West,1GSYD,Greater Sydney,"1",New South Wales,6.981700000000000,1GSYD,Greater Sydney,"1",New South Wales,12368.193300000000818,151.058434815332,-33.9043822272157
"119011358","11358",Padstow,"11901",Bankstown,"119",Sydney - Inner South West,1GSYD,Greater Sydney,"1",New South Wales,6.509100000000000,1GSYD,Greater Sydney,"1",New South Wales,12368.193300000000818,151.032324658978,-33.9579457277496
"119011359","11359",Panania - Milperra - Picnic Point,"11901",Bankstown,"119",Sydney - Inner South West,1GSYD,Greater Sydney,"1",New South Wales,14.390900000000000,1GSYD,Greater Sydney,"1",New South Wales,12368.193300000000818,150.993173258038,-33.9556477919831
"119011360","11360",Revesby,"11901",Bankstown,"119",Sydney - Inner South West,1GSYD,Greater Sydney,"1",New South Wales,5.092500000000000,1GSYD,Greater Sydney,"1",New South Wales,12368.193300000000818,151.016220711745,-33.9520119664734
"119011361","11361",Yagoona - Birrong,"11901",Bankstown,"119",Sydney - Inner South West,1GSYD,Greater Sydney,"1",New South Wales,5.559600000000000,1GSYD,Greater Sydney,"1",New South Wales,12368.193300000000818,151.020132691453,-33.9022076503985
"119011571","11571",Bankstown - North,"11901",Bankstown,"119",Sydney - Inner South West,1GSYD,Greater Sydney,"1",New South Wales,2.740600000000000,1GSYD,Greater Sydney,"1",New South Wales,12368.193300000000818,151.030997863793,-33.9133438457987
"119011572","11572",Bankstown - South,"11901",Bankstown,"119",Sydney - Inner South West,1GSYD,Greater Sydney,"1",New South Wales,4.423200000000000,1GSYD,Greater Sydney,"1",New South Wales,12368.193300000000818,151.032237991894,-33.9277093066419
"119021362","11362",Belmore - Belfield,"11902",Canterbury,"119",Sydney - Inner South West,1GSYD,Greater Sydney,"1",New South Wales,4.513500000000000,1GSYD,Greater Sydney,"1",New South Wales,12368.193300000000818,151.087966528947,-33.9132523074761
"119021363","11363",Canterbury (South) - Campsie,"11902",Canterbury,"119",Sydney - Inner South West,1GSYD,Greater Sydney,"1",New South Wales,4.777700000000000,1GSYD,Greater Sydney,"1",New South Wales,12368.193300000000818,151.105144466612,-33.9144862300842
"119021364","11364",Kingsgrove (North) - Earlwood,"11902",Canterbury,"119",Sydney - Inner South West,1GSYD,Greater Sydney,"1",New South Wales,8.201599999999999,1GSYD,Greater Sydney,"1",New South Wales,12368.193300000000818,151.118069425762,-33.9281423885655
"119021366","11366",Punchbowl,"11902",Canterbury,"119",Sydney - Inner South West,1GSYD,Greater Sydney,"1",New South Wales,5.245800000000000,1GSYD,Greater Sydney,"1",New South Wales,12368.193300000000818,151.051842191761,-33.9310198904436
"119021367","11367",Roselands,"11902",Canterbury,"119",Sydney - Inner South West,1GSYD,Greater Sydney,"1",New South Wales,3.646100000000000,1GSYD,Greater Sydney,"1",New South Wales,12368.193300000000818,151.075674065634,-33.9352549084908
"119021573","11573",Lakemba,"11902",Canterbury,"119",Sydney - Inner South West,1GSYD,Greater Sydney,"1",New South Wales,2.186600000000000,1GSYD,Greater Sydney,"1",New South Wales,12368.193300000000818,151.076400833771,-33.918987048137
"119021574","11574",Wiley Park,"11902",Canterbury,"119",Sydney - Inner South West,1GSYD,Greater Sydney,"1",New South Wales,1.393300000000000,1GSYD,Greater Sydney,"1",New South Wales,12368.193300000000818,151.067367049153,-33.9242034644578
"119031368","11368",Hurstville,"11903",Hurstville,"119",Sydney - Inner South West,1GSYD,Greater Sydney,"1",New South Wales,3.640100000000000,1GSYD,Greater Sydney,"1",New South Wales,12368.193300000000818,151.100783451305,-33.9595706955746
"119031369","11369",Mortdale - Penshurst,"11903",Hurstville,"119",Sydney - Inner South West,1GSYD,Greater Sydney,"1",New South Wales,6.116400000000000,1GSYD,Greater Sydney,"1",New South Wales,12368.193300000000818,151.073549664921,-33.970761364422
"119031370","11370",Narwee - Beverly Hills,"11903",Hurstville,"119",Sydney - Inner South West,1GSYD,Greater Sydney,"1",New South Wales,3.390900000000000,1GSYD,Greater Sydney,"1",New South Wales,12368.193300000000818,151.076622852457,-33.9488067331077
"119031371","11371",Oatley - Hurstville Grove,"11903",Hurstville,"119",Sydney - Inner South West,1GSYD,Greater Sydney,"1",New South Wales,4.354900000000000,1GSYD,Greater Sydney,"1",New South Wales,12368.193300000000818,151.085469959903,-33.9794096917988
"119031372","11372",Peakhurst - Lugarno,"11903",Hurstville,"119",Sydney - Inner South West,1GSYD,Greater Sydney,"1",New South Wales,7.430800000000000,1GSYD,Greater Sydney,"1",New South Wales,12368.193300000000818,151.052158562916,-33.9709849029468
"119031373","11373",Riverwood,"11903",Hurstville,"119",Sydney - Inner South West,1GSYD,Greater Sydney,"1",New South Wales,2.773300000000000,1GSYD,Greater Sydney,"1",New South Wales,12368.193300000000818,151.052406922468,-33.9487061917288
"119031374","11374",South Hurstville - Blakehurst,"11903",Hurstville,"119",Sydney - Inner South West,1GSYD,Greater Sydney,"1",New South Wales,6.248900000000000,1GSYD,Greater Sydney,"1",New South Wales,12368.193300000000818,151.105731230189,-33.9842722743037
"119041375","11375",Arncliffe - Bardwell Valley,"11904",Kogarah - Rockdale,"119",Sydney - Inner South West,1GSYD,Greater Sydney,"1",New South Wales,4.992600000000000,1GSYD,Greater Sydney,"1",New South Wales,12368.193300000000818,151.144942760684,-33.9367670609911
"119041376","11376",Bexley,"11904",Kogarah - Rockdale,"119",Sydney - Inner South West,1GSYD,Greater Sydney,"1",New South Wales,5.277800000000000,1GSYD,Greater Sydney,"1",New South Wales,12368.193300000000818,151.120815298748,-33.9555273030348
"119041377","11377",Kingsgrove (South) - Bardwell Park,"11904",Kogarah - Rockdale,"119",Sydney - Inner South West,1GSYD,Greater Sydney,"1",New South Wales,3.787100000000000,1GSYD,Greater Sydney,"1",New South Wales,12368.193300000000818,151.110348429792,-33.9417916935396
"119041378","11378",Kogarah,"11904",Kogarah - Rockdale,"119",Sydney - Inner South West,1GSYD,Greater Sydney,"1",New South Wales,2.219700000000000,1GSYD,Greater Sydney,"1",New South Wales,12368.193300000000818,151.137462839281,-33.9682684804009
"119041379","11379",Kogarah Bay - Carlton - Allawah,"11904",Kogarah - Rockdale,"119",Sydney - Inner South West,1GSYD,Greater Sydney,"1",New South Wales,3.503300000000000,1GSYD,Greater Sydney,"1",New South Wales,12368.193300000000818,151.123902444084,-33.9766991216155
"119041380","11380",Monterey - Brighton-le-Sands - Kyeemagh,"11904",Kogarah - Rockdale,"119",Sydney - Inner South West,1GSYD,Greater Sydney,"1",New South Wales,3.379900000000000,1GSYD,Greater Sydney,"1",New South Wales,12368.193300000000818,151.152810706408,-33.9614298131936
"119041381","11381",Rockdale - Banksia,"11904",Kogarah - Rockdale,"119",Sydney - Inner South West,1GSYD,Greater Sydney,"1",New South Wales,3.576000000000000,1GSYD,Greater Sydney,"1",New South Wales,12368.193300000000818,151.141334751605,-33.9511246152182
"119041382","11382",Sans Souci - Ramsgate,"11904",Kogarah - Rockdale,"119",Sydney - Inner South West,1GSYD,Greater Sydney,"1",New South Wales,4.611500000000000,1GSYD,Greater Sydney,"1",New South Wales,12368.193300000000818,151.136963465659,-33.9923299959983
"120011383","11383",Concord - Mortlake - Cabarita,"12001",Canada Bay,"120",Sydney - Inner West,1GSYD,Greater Sydney,"1",New South Wales,6.319200000000000,1GSYD,Greater Sydney,"1",New South Wales,12368.193300000000818,151.105793788048,-33.8543479984369
"120011384","11384",Concord West - North Strathfield,"12001",Canada Bay,"120",Sydney - Inner West,1GSYD,Greater Sydney,"1",New South Wales,5.103000000000000,1GSYD,Greater Sydney,"1",New South Wales,12368.193300000000818,151.08908549581,-33.8436364585254
"120011385","11385",Drummoyne - Rodd Point,"12001",Canada Bay,"120",Sydney - Inner West,1GSYD,Greater Sydney,"1",New South Wales,3.704700000000000,1GSYD,Greater Sydney,"1",New South Wales,12368.193300000000818,151.148646402301,-33.8556450014088
"120011386","11386",Five Dock - Abbotsford,"12001",Canada Bay,"120",Sydney - Inner West,1GSYD,Greater Sydney,"1",New South Wales,4.620200000000000,1GSYD,Greater Sydney,"1",New South Wales,12368.193300000000818,151.129311109128,-33.8609421385335
"120021387","11387",Balmain,"12002",Leichhardt,"120",Sydney - Inner West,1GSYD,Greater Sydney,"1",New South Wales,2.581500000000000,1GSYD,Greater Sydney,"1",New South Wales,12368.193300000000818,151.181294723106,-33.8559150490708
"120021388","11388",Leichhardt - Annandale,"12002",Leichhardt,"120",Sydney - Inner West,1GSYD,Greater Sydney,"1",New South Wales,4.472300000000000,1GSYD,Greater Sydney,"1",New South Wales,12368.193300000000818,151.16108999382,-33.8813433451239
"120021389","11389",Lilyfield - Rozelle,"12002",Leichhardt,"120",Sydney - Inner West,1GSYD,Greater Sydney,"1",New South Wales,3.603900000000000,1GSYD,Greater Sydney,"1",New South Wales,12368.193300000000818,151.166943340799,-33.8674404799854
"120031390","11390",Ashfield,"12003",Strathfield - Burwood - Ashfield,"120",Sydney - Inner West,1GSYD,Greater Sydney,"1",New South Wales,3.669900000000000,1GSYD,Greater Sydney,"1",New South Wales,12368.193300000000818,151.126374986384,-33.8897376558907
"120031391","11391",Burwood - Croydon,"12003",Strathfield - Burwood - Ashfield,"120",Sydney - Inner West,1GSYD,Greater Sydney,"1",New South Wales,4.492500000000000,1GSYD,Greater Sydney,"1",New South Wales,12368.193300000000818,151.109357261673,-33.8781409520118
"120031392","11392",Canterbury (North) - Ashbury,"12003",Strathfield - Burwood - Ashfield,"120",Sydney - Inner West,1GSYD,Greater Sydney,"1",New South Wales,3.027500000000000,1GSYD,Greater Sydney,"1",New South Wales,12368.193300000000818,151.122404410376,-33.9064409419797
"120031393","11393",Croydon Park - Enfield,"12003",Strathfield - Burwood - Ashfield,"120",Sydney - Inner West,1GSYD,Greater Sydney,"1",New South Wales,3.971100000000000,1GSYD,Greater Sydney,"1",New South Wales,12368.193300000000818,151.102864076687,-33.8945697379389
"120031394","11394",Dulwich Hill - Lewisham,"12003",Strathfield - Burwood - Ashfield,"120",Sydney - Inner West,1GSYD,Greater Sydney,"1",New South Wales,2.701600000000000,1GSYD,Greater Sydney,"1",New South Wales,12368.193300000000818,151.141181364188,-33.901996041166
"120031395","11395",Haberfield - Summer Hill,"12003",Strathfield - Burwood - Ashfield,"120",Sydney - Inner West,1GSYD,Greater Sydney,"1",New South Wales,3.474600000000000,1GSYD,Greater Sydney,"1",New South Wales,12368.193300000000818,151.139284795836,-33.8824227321435
"120031396","11396",Homebush,"12003",Strathfield - Burwood - Ashfield,"120",Sydney - Inner West,1GSYD,Greater Sydney,"1",New South Wales,3.843400000000000,1GSYD,Greater Sydney,"1",New South Wales,12368.193300000000818,151.075193189743,-33.8629291028423
"120031575","11575",Strathfield,"12003",Strathfield - Burwood - Ashfield,"120",Sydney - Inner West,1GSYD,Greater Sydney,"1",New South Wales,6.451500000000000,1GSYD,Greater Sydney,"1",New South Wales,12368.193300000000818,151.081647899354,-33.8787334893604
"120031576","11576",Strathfield South,"12003",Strathfield - Burwood - Ashfield,"120",Sydney - Inner West,1GSYD,Greater Sydney,"1",New South Wales,2.511200000000000,1GSYD,Greater Sydney,"1",New South Wales,12368.193300000000818,151.077013811356,-33.895078127652
"121011398","11398",Chatswood (East) - Artarmon,"12101",Chatswood - Lane Cove,"121",Sydney - North Sydney and Hornsby,1GSYD,Greater Sydney,"1",New South Wales,5.067800000000000,1GSYD,Greater Sydney,"1",New South Wales,12368.193300000000818,151.188163043388,-33.797829691353
"121011399","11399",Chatswood (West) - Lane Cove North,"12101",Chatswood - Lane Cove,"121",Sydney - North Sydney and Hornsby,1GSYD,Greater Sydney,"1",New South Wales,5.537200000000000,1GSYD,Greater Sydney,"1",New South Wales,12368.193300000000818,151.165490393403,-33.8012030357438
"121011400","11400",Lane Cove - Greenwich,"12101",Chatswood - Lane Cove,"121",Sydney - North Sydney and Hornsby,1GSYD,Greater Sydney,"1",New South Wales,9.056100000000001,1GSYD,Greater Sydney,"1",New South Wales,12368.193300000000818,151.166866977839,-33.8217164316135
"121011401","11401",St Leonards - Naremburn,"12101",Chatswood - Lane Cove,"121",Sydney - North Sydney and Hornsby,1GSYD,Greater Sydney,"1",New South Wales,2.761000000000000,1GSYD,Greater Sydney,"1",New South Wales,12368.193300000000818,151.194078356718,-33.8178398882076
"121011402","11402",Willoughby - Castle Cove - Northbridge,"12101",Chatswood - Lane Cove,"121",Sydney - North Sydney and Hornsby,1GSYD,Greater Sydney,"1",New South Wales,10.751799999999999,1GSYD,Greater Sydney,"1",New South Wales,12368.193300000000818,151.212295806536,-33.7996984777181
"121021403","11403",Asquith - Mount Colah,"12102",Hornsby,"121",Sydney - North Sydney and Hornsby,1GSYD,Greater Sydney,"1",New South Wales,34.684899999999999,1GSYD,Greater Sydney,"1",New South Wales,12368.193300000000818,151.120997100257,-33.6598521022492
"121021404","11404",Berowra - Brooklyn - Cowan,"12102",Hornsby,"121",Sydney - North Sydney and Hornsby,1GSYD,Greater Sydney,"1",New South Wales,81.754800000000003,1GSYD,Greater Sydney,"1",New South Wales,12368.193300000000818,151.177078907999,-33.5834250128331
"121021406","11406",Normanhurst - Thornleigh - Westleigh,"12102",Hornsby,"121",Sydney - North Sydney and Hornsby,1GSYD,Greater Sydney,"1",New South Wales,9.988200000000001,1GSYD,Greater Sydney,"1",New South Wales,12368.193300000000818,151.081638085862,-33.719130209621
"121021577","11577",Hornsby - East,"12102",Hornsby,"121",Sydney - North Sydney and Hornsby,1GSYD,Greater Sydney,"1",New South Wales,2.568900000000000,1GSYD,Greater Sydney,"1",New South Wales,12368.193300000000818,151.107338854711,-33.7008546096166
"121021578","11578",Hornsby - West,"12102",Hornsby,"121",Sydney - North Sydney and Hornsby,1GSYD,Greater Sydney,"1",New South Wales,6.289800000000000,1GSYD,Greater Sydney,"1",New South Wales,12368.193300000000818,151.091496161132,-33.6964524936731
"121021579","11579",Waitara - Wahroonga (West),"12102",Hornsby,"121",Sydney - North Sydney and Hornsby,1GSYD,Greater Sydney,"1",New South Wales,2.112300000000000,1GSYD,Greater Sydney,"1",New South Wales,12368.193300000000818,151.109054616639,-33.7107506119294
"121031407","11407",Gordon - Killara,"12103",Ku-ring-gai,"121",Sydney - North Sydney and Hornsby,1GSYD,Greater Sydney,"1",New South Wales,11.671400000000000,1GSYD,Greater Sydney,"1",New South Wales,12368.193300000000818,151.162647210723,-33.7605533627459
"121031408","11408",Lindfield - Roseville,"12103",Ku-ring-gai,"121",Sydney - North Sydney and Hornsby,1GSYD,Greater Sydney,"1",New South Wales,11.876600000000000,1GSYD,Greater Sydney,"1",New South Wales,12368.193300000000818,151.175971484852,-33.7777335100983
"121031409","11409",Pymble,"12103",Ku-ring-gai,"121",Sydney - North Sydney and Hornsby,1GSYD,Greater Sydney,"1",New South Wales,10.251400000000000,1GSYD,Greater Sydney,"1",New South Wales,12368.193300000000818,151.136641562123,-33.7516069399241
"121031410","11410",St Ives,"12103",Ku-ring-gai,"121",Sydney - North Sydney and Hornsby,1GSYD,Greater Sydney,"1",New South Wales,17.777600000000000,1GSYD,Greater Sydney,"1",New South Wales,12368.193300000000818,151.170788533822,-33.720871962651
"121031411","11411",Turramurra,"12103",Ku-ring-gai,"121",Sydney - North Sydney and Hornsby,1GSYD,Greater Sydney,"1",New South Wales,20.642600000000002,1GSYD,Greater Sydney,"1",New South Wales,12368.193300000000818,151.13954298543,-33.7107395147656
"121031412","11412",Wahroonga (East) - Warrawee,"12103",Ku-ring-gai,"121",Sydney - North Sydney and Hornsby,1GSYD,Greater Sydney,"1",New South Wales,13.327000000000000,1GSYD,Greater Sydney,"1",New South Wales,12368.193300000000818,151.120723906473,-33.7163466958827
"121041413","11413",Cremorne - Cammeray,"12104",North Sydney - Mosman,"121",Sydney - North Sydney and Hornsby,1GSYD,Greater Sydney,"1",New South Wales,3.239100000000000,1GSYD,Greater Sydney,"1",New South Wales,12368.193300000000818,151.22220631317,-33.8267119936211
"121041414","11414",Crows Nest - Waverton,"12104",North Sydney - Mosman,"121",Sydney - North Sydney and Hornsby,1GSYD,Greater Sydney,"1",New South Wales,2.961200000000000,1GSYD,Greater Sydney,"1",New South Wales,12368.193300000000818,151.199610185792,-33.8319395540931
"121041415","11415",Mosman,"12104",North Sydney - Mosman,"121",Sydney - North Sydney and Hornsby,1GSYD,Greater Sydney,"1",New South Wales,8.650300000000000,1GSYD,Greater Sydney,"1",New South Wales,12368.193300000000818,151.244635124296,-33.8290817020986
"121041416","11416",Neutral Bay - Kirribilli,"12104",North Sydney - Mosman,"121",Sydney - North Sydney and Hornsby,1GSYD,Greater Sydney,"1",New South Wales,2.210600000000000,1GSYD,Greater Sydney,"1",New South Wales,12368.193300000000818,151.217713307641,-33.839019013983
"121041417","11417",North Sydney - Lavender Bay,"12104",North Sydney - Mosman,"121",Sydney - North Sydney and Hornsby,1GSYD,Greater Sydney,"1",New South Wales,1.914400000000000,1GSYD,Greater Sydney,"1",New South Wales,12368.193300000000818,151.207105424979,-33.8391303458395
"122011418","11418",Balgowlah - Clontarf - Seaforth,"12201",Manly,"122",Sydney - Northern Beaches,1GSYD,Greater Sydney,"1",New South Wales,7.610400000000000,1GSYD,Greater Sydney,"1",New South Wales,12368.193300000000818,151.253816476033,-33.7978103305723
"122011419","11419",Manly - Fairlight,"12201",Manly,"122",Sydney - Northern Beaches,1GSYD,Greater Sydney,"1",New South Wales,6.735100000000000,1GSYD,Greater Sydney,"1",New South Wales,12368.193300000000818,151.288257003717,-33.8030465576459
"122021420","11420",Avalon - Palm Beach,"12202",Pittwater,"122",Sydney - Northern Beaches,1GSYD,Greater Sydney,"1",New South Wales,8.605700000000001,1GSYD,Greater Sydney,"1",New South Wales,12368.193300000000818,151.326227275119,-33.6187424333867
"122021421","11421",Bayview - Elanora Heights,"12202",Pittwater,"122",Sydney - Northern Beaches,1GSYD,Greater Sydney,"1",New South Wales,64.582999999999998,1GSYD,Greater Sydney,"1",New South Wales,12368.193300000000818,151.266334275019,-33.6331672920522
"122021422","11422",Newport - Bilgola,"12202",Pittwater,"122",Sydney - Northern Beaches,1GSYD,Greater Sydney,"1",New South Wales,5.798100000000000,1GSYD,Greater Sydney,"1",New South Wales,12368.193300000000818,151.316027427595,-33.6521961377065
"122021423","11423",Warriewood - Mona Vale,"12202",Pittwater,"122",Sydney - Northern Beaches,1GSYD,Greater Sydney,"1",New South Wales,11.662699999999999,1GSYD,Greater Sydney,"1",New South Wales,12368.193300000000818,151.297936187178,-33.6862817983822
"122031424","11424",Beacon Hill - Narraweena,"12203",Warringah,"122",Sydney - Northern Beaches,1GSYD,Greater Sydney,"1",New South Wales,4.340600000000000,1GSYD,Greater Sydney,"1",New South Wales,12368.193300000000818,151.264486062143,-33.7513939947596
"122031425","11425",Cromer,"12203",Warringah,"122",Sydney - Northern Beaches,1GSYD,Greater Sydney,"1",New South Wales,7.491500000000000,1GSYD,Greater Sydney,"1",New South Wales,12368.193300000000818,151.267462101138,-33.7317358247324
"122031426","11426",Dee Why - North Curl Curl,"12203",Warringah,"122",Sydney - Northern Beaches,1GSYD,Greater Sydney,"1",New South Wales,4.073200000000000,1GSYD,Greater Sydney,"1",New South Wales,12368.193300000000818,151.289580037143,-33.7557045121157
"122031427","11427",Forestville - Killarney Heights,"12203",Warringah,"122",Sydney - Northern Beaches,1GSYD,Greater Sydney,"1",New South Wales,8.931100000000001,1GSYD,Greater Sydney,"1",New South Wales,12368.193300000000818,151.215795740278,-33.7665071421378
"122031428","11428",Frenchs Forest - Belrose,"12203",Warringah,"122",Sydney - Northern Beaches,1GSYD,Greater Sydney,"1",New South Wales,30.132100000000001,1GSYD,Greater Sydney,"1",New South Wales,12368.193300000000818,151.219079544096,-33.7323717956967
"122031429","11429",Freshwater - Brookvale,"12203",Warringah,"122",Sydney - Northern Beaches,1GSYD,Greater Sydney,"1",New South Wales,7.183800000000000,1GSYD,Greater Sydney,"1",New South Wales,12368.193300000000818,151.278328912627,-33.7709857227739
"122031430","11430",Manly Vale - Allambie Heights,"12203",Warringah,"122",Sydney - Northern Beaches,1GSYD,Greater Sydney,"1",New South Wales,9.354100000000001,1GSYD,Greater Sydney,"1",New South Wales,12368.193300000000818,151.251233633849,-33.7736088381836
"122031431","11431",Narrabeen - Collaroy,"12203",Warringah,"122",Sydney - Northern Beaches,1GSYD,Greater Sydney,"1",New South Wales,7.162200000000000,1GSYD,Greater Sydney,"1",New South Wales,12368.193300000000818,151.29381156361,-33.7293517205651
"122031432","11432",Terrey Hills - Duffys Forest,"12203",Warringah,"122",Sydney - Northern Beaches,1GSYD,Greater Sydney,"1",New South Wales,70.543800000000005,1GSYD,Greater Sydney,"1",New South Wales,12368.193300000000818,151.212160291184,-33.6696373401868
"123011433","11433",Camden - Ellis Lane,"12301",Camden,"123",Sydney - Outer South West,1GSYD,Greater Sydney,"1",New South Wales,26.193400000000000,1GSYD,Greater Sydney,"1",New South Wales,12368.193300000000818,150.682125761528,-34.0654451976354
"123011434","11434",Elderslie - Harrington Park,"12301",Camden,"123",Sydney - Outer South West,1GSYD,Greater Sydney,"1",New South Wales,21.541399999999999,1GSYD,Greater Sydney,"1",New South Wales,12368.193300000000818,150.724929933572,-34.0381137621824
"123011435","11435",Mount Annan - Currans Hill,"12301",Camden,"123",Sydney - Outer South West,1GSYD,Greater Sydney,"1",New South Wales,26.134000000000000,1GSYD,Greater Sydney,"1",New South Wales,12368.193300000000818,150.753154276616,-34.0590866093812
"123021436","11436",Bradbury - Wedderburn,"12302",Campbelltown (NSW),"123",Sydney - Outer South West,1GSYD,Greater Sydney,"1",New South Wales,36.655500000000004,1GSYD,Greater Sydney,"1",New South Wales,12368.193300000000818,150.822058312808,-34.126846012241
"123021437","11437",Campbelltown - Woodbine,"12302",Campbelltown (NSW),"123",Sydney - Outer South West,1GSYD,Greater Sydney,"1",New South Wales,13.747600000000000,1GSYD,Greater Sydney,"1",New South Wales,12368.193300000000818,150.808321856546,-34.0648821308291
"123021438","11438",Claymore - Eagle Vale - Raby,"12302",Campbelltown (NSW),"123",Sydney - Outer South West,1GSYD,Greater Sydney,"1",New South Wales,22.916799999999999,1GSYD,Greater Sydney,"1",New South Wales,12368.193300000000818,150.806516405471,-34.0245941510448
"123021439","11439",Holsworthy Military Area,"12302",Campbelltown (NSW),"123",Sydney - Outer South West,1GSYD,Greater Sydney,"1",New South Wales,129.823000000000008,1GSYD,Greater Sydney,"1",New South Wales,12368.193300000000818,150.900143958158,-34.1009845611309
"123021440","11440",Ingleburn - Denham Court,"12302",Campbelltown (NSW),"123",Sydney - Outer South West,1GSYD,Greater Sydney,"1",New South Wales,30.918900000000001,1GSYD,Greater Sydney,"1",New South Wales,12368.193300000000818,150.850165805554,-33.9901024608141
"123021441","11441",Leumeah - Minto Heights,"12302",Campbelltown (NSW),"123",Sydney - Outer South West,1GSYD,Greater Sydney,"1",New South Wales,23.646100000000001,1GSYD,Greater Sydney,"1",New South Wales,12368.193300000000818,150.860832226842,-34.0539385681799
"123021442","11442",Macquarie Fields - Glenfield,"12302",Campbelltown (NSW),"123",Sydney - Outer South West,1GSYD,Greater Sydney,"1",New South Wales,16.018200000000000,1GSYD,Greater Sydney,"1",New South Wales,12368.193300000000818,150.893829713988,-33.9854910814523
"123021443","11443",Minto - St Andrews,"12302",Campbelltown (NSW),"123",Sydney - Outer South West,1GSYD,Greater Sydney,"1",New South Wales,12.413300000000000,1GSYD,Greater Sydney,"1",New South Wales,12368.193300000000818,150.844555754767,-34.028068119388
"123021444","11444",Rosemeadow - Glen Alpine,"12302",Campbelltown (NSW),"123",Sydney - Outer South West,1GSYD,Greater Sydney,"1",New South Wales,48.082700000000003,1GSYD,Greater Sydney,"1",New South Wales,12368.193300000000818,150.774465266596,-34.1203813857851
"123031445","11445",Bargo,"12303",Wollondilly,"123",Sydney - Outer South West,1GSYD,Greater Sydney,"1",New South Wales,67.770499999999998,1GSYD,Greater Sydney,"1",New South Wales,12368.193300000000818,150.599371535046,-34.2725444708699
"123031446","11446",Douglas Park - Appin,"12303",Wollondilly,"123",Sydney - Outer South West,1GSYD,Greater Sydney,"1",New South Wales,289.946100000000001,1GSYD,Greater Sydney,"1",New South Wales,12368.193300000000818,150.729542230006,-34.1814672678938
"123031447","11447",Picton - Tahmoor - Buxton,"12303",Wollondilly,"123",Sydney - Outer South West,1GSYD,Greater Sydney,"1",New South Wales,189.908400000000000,1GSYD,Greater Sydney,"1",New South Wales,12368.193300000000818,150.544097779332,-34.1934529948258
"123031448","11448",The Oaks - Oakdale,"12303",Wollondilly,"123",Sydney - Outer South West,1GSYD,Greater Sydney,"1",New South Wales,322.735400000000027,1GSYD,Greater Sydney,"1",New South Wales,12368.193300000000818,150.550461154873,-34.0579577258513
"124011449","11449",Blackheath - Megalong Valley,"12401",Blue Mountains,"124",Sydney - Outer West and Blue Mountains,1GSYD,Greater Sydney,"1",New South Wales,139.216600000000000,1GSYD,Greater Sydney,"1",New South Wales,12368.193300000000818,150.245518418385,-33.6738477960525
"124011450","11450",Blaxland - Warrimoo - Lapstone,"12401",Blue Mountains,"124",Sydney - Outer West and Blue Mountains,1GSYD,Greater Sydney,"1",New South Wales,29.693500000000000,1GSYD,Greater Sydney,"1",New South Wales,12368.193300000000818,150.620902790665,-33.7421032125458
"124011451","11451",Blue Mountains - North,"12401",Blue Mountains,"124",Sydney - Outer West and Blue Mountains,1GSYD,Greater Sydney,"1",New South Wales,595.036600000000021,1GSYD,Greater Sydney,"1",New South Wales,12368.193300000000818,150.445208577211,-33.6024932735982
"124011452","11452",Katoomba - Leura,"12401",Blue Mountains,"124",Sydney - Outer West and Blue Mountains,1GSYD,Greater Sydney,"1",New South Wales,40.873399999999997,1GSYD,Greater Sydney,"1",New South Wales,12368.193300000000818,150.309323521793,-33.7026760243627
"124011453","11453",Lawson - Hazelbrook - Linden,"12401",Blue Mountains,"124",Sydney - Outer West and Blue Mountains,1GSYD,Greater Sydney,"1",New South Wales,46.887300000000003,1GSYD,Greater Sydney,"1",New South Wales,12368.193300000000818,150.462246434993,-33.7240516954017
"124011454","11454",Springwood - Winmalee,"12401",Blue Mountains,"124",Sydney - Outer West and Blue Mountains,1GSYD,Greater Sydney,"1",New South Wales,69.664699999999996,1GSYD,Greater Sydney,"1",New South Wales,12368.193300000000818,150.594788125619,-33.6903570160697
"124011455","11455",Wentworth Falls,"12401",Blue Mountains,"124",Sydney - Outer West and Blue Mountains,1GSYD,Greater Sydney,"1",New South Wales,21.035799999999998,1GSYD,Greater Sydney,"1",New South Wales,12368.193300000000818,150.379730908637,-33.7216813414477
"124021456","11456",Blue Mountains - South,"12402",Blue Mountains - South,"124",Sydney - Outer West and Blue Mountains,1GSYD,Greater Sydney,"1",New South Wales,2456.909299999999803,1GSYD,Greater Sydney,"1",New South Wales,12368.193300000000818,150.287951821095,-33.9934253372391
"124031457","11457",Cambridge Park,"12403",Penrith,"124",Sydney - Outer West and Blue Mountains,1GSYD,Greater Sydney,"1",New South Wales,6.587100000000000,1GSYD,Greater Sydney,"1",New South Wales,12368.193300000000818,150.733535535149,-33.7461305522632
"124031458","11458",Castlereagh - Cranebrook,"12403",Penrith,"124",Sydney - Outer West and Blue Mountains,1GSYD,Greater Sydney,"1",New South Wales,71.517399999999995,1GSYD,Greater Sydney,"1",New South Wales,12368.193300000000818,150.706637586716,-33.7004346060921
"124031459","11459",Emu Plains - Leonay,"12403",Penrith,"124",Sydney - Outer West and Blue Mountains,1GSYD,Greater Sydney,"1",New South Wales,13.794000000000000,1GSYD,Greater Sydney,"1",New South Wales,12368.193300000000818,150.658486851191,-33.7462098599929
"124031460","11460",Glenmore Park - Regentville,"12403",Penrith,"124",Sydney - Outer West and Blue Mountains,1GSYD,Greater Sydney,"1",New South Wales,9.233000000000001,1GSYD,Greater Sydney,"1",New South Wales,12368.193300000000818,150.677422693284,-33.7864706062052
"124031461","11461",Jamisontown - South Penrith,"12403",Penrith,"124",Sydney - Outer West and Blue Mountains,1GSYD,Greater Sydney,"1",New South Wales,9.018100000000000,1GSYD,Greater Sydney,"1",New South Wales,12368.193300000000818,150.689170388493,-33.7710565698764
"124031462","11462",Kingswood - Werrington,"12403",Penrith,"124",Sydney - Outer West and Blue Mountains,1GSYD,Greater Sydney,"1",New South Wales,14.022900000000000,1GSYD,Greater Sydney,"1",New South Wales,12368.193300000000818,150.740254203837,-33.7659117381043
"124031463","11463",Mulgoa - Luddenham - Orchard Hills,"12403",Penrith,"124",Sydney - Outer West and Blue Mountains,1GSYD,Greater Sydney,"1",New South Wales,158.677600000000012,1GSYD,Greater Sydney,"1",New South Wales,12368.193300000000818,150.689612301058,-33.8353116299277
"124031464","11464",Penrith,"12403",Penrith,"124",Sydney - Outer West and Blue Mountains,1GSYD,Greater Sydney,"1",New South Wales,10.394100000000000,1GSYD,Greater Sydney,"1",New South Wales,12368.193300000000818,150.697120259421,-33.7478373344152
"124031465","11465",Warragamba - Silverdale,"12403",Penrith,"124",Sydney - Outer West and Blue Mountains,1GSYD,Greater Sydney,"1",New South Wales,63.614300000000000,1GSYD,Greater Sydney,"1",New South Wales,12368.193300000000818,150.598874899056,-33.918191148944
"124041466","11466",Richmond - Clarendon,"12404",Richmond - Windsor,"124",Sydney - Outer West and Blue Mountains,1GSYD,Greater Sydney,"1",New South Wales,74.672799999999995,1GSYD,Greater Sydney,"1",New South Wales,12368.193300000000818,150.749279093252,-33.5899218457032
"124041467","11467",Windsor - Bligh Park,"12404",Richmond - Windsor,"124",Sydney - Outer West and Blue Mountains,1GSYD,Greater Sydney,"1",New South Wales,22.730000000000000,1GSYD,Greater Sydney,"1",New South Wales,12368.193300000000818,150.808537420425,-33.6356894163115
"124041468","11468",Yarramundi - Londonderry,"12404",Richmond - Windsor,"124",Sydney - Outer West and Blue Mountains,1GSYD,Greater Sydney,"1",New South Wales,81.435900000000004,1GSYD,Greater Sydney,"1",New South Wales,12368.193300000000818,150.726860094115,-33.6518556357875
"124051469","11469",Erskine Park,"12405",St Marys,"124",Sydney - Outer West and Blue Mountains,1GSYD,Greater Sydney,"1",New South Wales,8.394399999999999,1GSYD,Greater Sydney,"1",New South Wales,12368.193300000000818,150.797730459486,-33.8130086389349
"124051470","11470",St Clair,"12405",St Marys,"124",Sydney - Outer West and Blue Mountains,1GSYD,Greater Sydney,"1",New South Wales,7.203500000000000,1GSYD,Greater Sydney,"1",New South Wales,12368.193300000000818,150.78470000274,-33.797280714887
"124051580","11580",Colyton - Oxley Park,"12405",St Marys,"124",Sydney - Outer West and Blue Mountains,1GSYD,Greater Sydney,"1",New South Wales,4.652100000000000,1GSYD,Greater Sydney,"1",New South Wales,12368.193300000000818,150.796297508068,-33.7794776459335
"124051581","11581",St Marys - North St Marys,"12405",St Marys,"124",Sydney - Outer West and Blue Mountains,1GSYD,Greater Sydney,"1",New South Wales,12.864599999999999,1GSYD,Greater Sydney,"1",New South Wales,12368.193300000000818,150.775003838367,-33.7595420621533
"125011473","11473",Homebush Bay - Silverwater,"12501",Auburn,"125",Sydney - Parramatta,1GSYD,Greater Sydney,"1",New South Wales,11.261900000000001,1GSYD,Greater Sydney,"1",New South Wales,12368.193300000000818,151.06185796573,-33.8382371955497
"125011475","11475",Rookwood Cemetery,"12501",Auburn,"125",Sydney - Parramatta,1GSYD,Greater Sydney,"1",New South Wales,3.015000000000000,1GSYD,Greater Sydney,"1",New South Wales,12368.193300000000818,151.055686951054,-33.8742086749186
"125011582","11582",Auburn - Central,"12501",Auburn,"125",Sydney - Parramatta,1GSYD,Greater Sydney,"1",New South Wales,3.732600000000000,1GSYD,Greater Sydney,"1",New South Wales,12368.193300000000818,151.025008892142,-33.8523489672869
"125011583","11583",Auburn - North,"12501",Auburn,"125",Sydney - Parramatta,1GSYD,Greater Sydney,"1",New South Wales,2.096600000000000,1GSYD,Greater Sydney,"1",New South Wales,12368.193300000000818,151.032758462324,-33.8424293493223
"125011584","11584",Auburn - South,"12501",Auburn,"125",Sydney - Parramatta,1GSYD,Greater Sydney,"1",New South Wales,2.431300000000000,1GSYD,Greater Sydney,"1",New South Wales,12368.193300000000818,151.020775104316,-33.8691947677984
"125011585","11585",Berala,"12501",Auburn,"125",Sydney - Parramatta,1GSYD,Greater Sydney,"1",New South Wales,2.086500000000000,1GSYD,Greater Sydney,"1",New South Wales,12368.193300000000818,151.033765503302,-33.8744766151961
"125011586","11586",Lidcombe,"12501",Auburn,"125",Sydney - Parramatta,1GSYD,Greater Sydney,"1",New South Wales,6.403700000000000,1GSYD,Greater Sydney,"1",New South Wales,12368.193300000000818,151.046439222071,-33.8629048072405
"125011587","11587",Regents Park,"12501",Auburn,"125",Sydney - Parramatta,1GSYD,Greater Sydney,"1",New South Wales,2.032500000000000,1GSYD,Greater Sydney,"1",New South Wales,12368.193300000000818,151.026193922303,-33.8832131088367
"125021476","11476",Carlingford,"12502",Carlingford,"125",Sydney - Parramatta,1GSYD,Greater Sydney,"1",New South Wales,9.745699999999999,1GSYD,Greater Sydney,"1",New South Wales,12368.193300000000818,151.047100786987,-33.7737484250267
"125021477","11477",Ermington - Rydalmere,"12502",Carlingford,"125",Sydney - Parramatta,1GSYD,Greater Sydney,"1",New South Wales,9.865399999999999,1GSYD,Greater Sydney,"1",New South Wales,12368.193300000000818,151.050307257406,-33.8110336987787
"125021478","11478",Oatlands - Dundas Valley,"12502",Carlingford,"125",Sydney - Parramatta,1GSYD,Greater Sydney,"1",New South Wales,6.076300000000000,1GSYD,Greater Sydney,"1",New South Wales,12368.193300000000818,151.039539307955,-33.7944127278709
"125031479","11479",Chester Hill - Sefton,"12503",Merrylands - Guildford,"125",Sydney - Parramatta,1GSYD,Greater Sydney,"1",New South Wales,7.267600000000000,1GSYD,Greater Sydney,"1",New South Wales,12368.193300000000818,150.998247836363,-33.882017372373
"125031480","11480",Fairfield - East,"12503",Merrylands - Guildford,"125",Sydney - Parramatta,1GSYD,Greater Sydney,"1",New South Wales,5.711500000000000,1GSYD,Greater Sydney,"1",New South Wales,12368.193300000000818,150.972865947427,-33.8744682753974
"125031481","11481",Granville - Clyde,"12503",Merrylands - Guildford,"125",Sydney - Parramatta,1GSYD,Greater Sydney,"1",New South Wales,5.608300000000000,1GSYD,Greater Sydney,"1",New South Wales,12368.193300000000818,151.007437417311,-33.8379736583639
"125031482","11482",Greystanes - Pemulwuy,"12503",Merrylands - Guildford,"125",Sydney - Parramatta,1GSYD,Greater Sydney,"1",New South Wales,11.848699999999999,1GSYD,Greater Sydney,"1",New South Wales,12368.193300000000818,150.937455899933,-33.8240520956138
"125031483","11483",Guildford - South Granville,"12503",Merrylands - Guildford,"125",Sydney - Parramatta,1GSYD,Greater Sydney,"1",New South Wales,6.796200000000000,1GSYD,Greater Sydney,"1",New South Wales,12368.193300000000818,151.002055946452,-33.8593487096087
"125031484","11484",Guildford West - Merrylands West,"12503",Merrylands - Guildford,"125",Sydney - Parramatta,1GSYD,Greater Sydney,"1",New South Wales,5.465400000000000,1GSYD,Greater Sydney,"1",New South Wales,12368.193300000000818,150.969953305869,-33.8454830724657
"125031485","11485",Merrylands - Holroyd,"12503",Merrylands - Guildford,"125",Sydney - Parramatta,1GSYD,Greater Sydney,"1",New South Wales,6.718800000000000,1GSYD,Greater Sydney,"1",New South Wales,12368.193300000000818,150.98006738008,-33.8306766240476
"125031486","11486",Smithfield Industrial,"12503",Merrylands - Guildford,"125",Sydney - Parramatta,1GSYD,Greater Sydney,"1",New South Wales,4.301700000000000,1GSYD,Greater Sydney,"1",New South Wales,12368.193300000000818,150.944023284076,-33.8430818424409
"125031487","11487",Yennora Industrial,"12503",Merrylands - Guildford,"125",Sydney - Parramatta,1GSYD,Greater Sydney,"1",New South Wales,2.078700000000000,1GSYD,Greater Sydney,"1",New South Wales,12368.193300000000818,150.966493576969,-33.8600972528582
"125041489","11489",North Parramatta,"12504",Parramatta,"125",Sydney - Parramatta,1GSYD,Greater Sydney,"1",New South Wales,7.060800000000000,1GSYD,Greater Sydney,"1",New South Wales,12368.193300000000818,151.012010173777,-33.7990373319273
"125041490","11490",North Rocks,"12504",Parramatta,"125",Sydney - Parramatta,1GSYD,Greater Sydney,"1",New South Wales,5.376200000000000,1GSYD,Greater Sydney,"1",New South Wales,12368.193300000000818,151.017198067981,-33.7722486127943
"125041491","11491",Northmead,"12504",Parramatta,"125",Sydney - Parramatta,1GSYD,Greater Sydney,"1",New South Wales,5.933200000000000,1GSYD,Greater Sydney,"1",New South Wales,12368.193300000000818,150.993928227193,-33.7900102679884
"125041492","11492",Parramatta - Rosehill,"12504",Parramatta,"125",Sydney - Parramatta,1GSYD,Greater Sydney,"1",New South Wales,8.496499999999999,1GSYD,Greater Sydney,"1",New South Wales,12368.193300000000818,151.017189264391,-33.8215426981979
"125041493","11493",Toongabbie - Constitution Hill,"12504",Parramatta,"125",Sydney - Parramatta,1GSYD,Greater Sydney,"1",New South Wales,7.479500000000000,1GSYD,Greater Sydney,"1",New South Wales,12368.193300000000818,150.967261777376,-33.7918818369576
"125041494","11494",Winston Hills,"12504",Parramatta,"125",Sydney - Parramatta,1GSYD,Greater Sydney,"1",New South Wales,4.347900000000000,1GSYD,Greater Sydney,"1",New South Wales,12368.193300000000818,150.978719686329,-33.7764118415642
"125041588","11588",Pendle Hill - Girraween,"12504",Parramatta,"125",Sydney - Parramatta,1GSYD,Greater Sydney,"1",New South Wales,4.461500000000000,1GSYD,Greater Sydney,"1",New South Wales,12368.193300000000818,150.947831291566,-33.804209515216
"125041589","11589",Wentworthville - Westmead,"12504",Parramatta,"125",Sydney - Parramatta,1GSYD,Greater Sydney,"1",New South Wales,3.935800000000000,1GSYD,Greater Sydney,"1",New South Wales,12368.193300000000818,150.977067594385,-33.8132087731094
"126011495","11495",Epping - North Epping,"12601",Pennant Hills - Epping,"126",Sydney - Ryde,1GSYD,Greater Sydney,"1",New South Wales,8.880599999999999,1GSYD,Greater Sydney,"1",New South Wales,12368.193300000000818,151.081489991423,-33.7689814804653
"126011496","11496",Pennant Hills - Cheltenham,"12601",Pennant Hills - Epping,"126",Sydney - Ryde,1GSYD,Greater Sydney,"1",New South Wales,13.293699999999999,1GSYD,Greater Sydney,"1",New South Wales,12368.193300000000818,151.068511161167,-33.7443660823435
"126021497","11497",Eastwood - Denistone,"12602",Ryde - Hunters Hill,"126",Sydney - Ryde,1GSYD,Greater Sydney,"1",New South Wales,7.820100000000000,1GSYD,Greater Sydney,"1",New South Wales,12368.193300000000818,151.0856143498,-33.7919854499132
"126021498","11498",Gladesville - Huntleys Point,"12602",Ryde - Hunters Hill,"126",Sydney - Ryde,1GSYD,Greater Sydney,"1",New South Wales,4.716200000000000,1GSYD,Greater Sydney,"1",New South Wales,12368.193300000000818,151.128144701794,-33.8303829598312
"126021499","11499",Hunters Hill - Woolwich,"12602",Ryde - Hunters Hill,"126",Sydney - Ryde,1GSYD,Greater Sydney,"1",New South Wales,4.151200000000000,1GSYD,Greater Sydney,"1",New South Wales,12368.193300000000818,151.148954776373,-33.8318282221216
"126021500","11500",Macquarie Park - Marsfield,"12602",Ryde - Hunters Hill,"126",Sydney - Ryde,1GSYD,Greater Sydney,"1",New South Wales,10.672000000000001,1GSYD,Greater Sydney,"1",New South Wales,12368.193300000000818,151.118821458445,-33.7786371829017
"126021501","11501",North Ryde - East Ryde,"12602",Ryde - Hunters Hill,"126",Sydney - Ryde,1GSYD,Greater Sydney,"1",New South Wales,6.223200000000000,1GSYD,Greater Sydney,"1",New South Wales,12368.193300000000818,151.131278923876,-33.7988614063485
"126021503","11503",West Ryde - Meadowbank,"12602",Ryde - Hunters Hill,"126",Sydney - Ryde,1GSYD,Greater Sydney,"1",New South Wales,4.792300000000000,1GSYD,Greater Sydney,"1",New South Wales,12368.193300000000818,151.083684386261,-33.8095693888586
"126021590","11590",Putney,"12602",Ryde - Hunters Hill,"126",Sydney - Ryde,1GSYD,Greater Sydney,"1",New South Wales,1.519400000000000,1GSYD,Greater Sydney,"1",New South Wales,12368.193300000000818,151.106295863854,-33.8261345464224
"126021591","11591",Ryde,"12602",Ryde - Hunters Hill,"126",Sydney - Ryde,1GSYD,Greater Sydney,"1",New South Wales,7.268200000000000,1GSYD,Greater Sydney,"1",New South Wales,12368.193300000000818,151.112198171091,-33.8103684569053
"127011504","11504",Ashcroft - Busby - Miller,"12701",Bringelly - Green Valley,"127",Sydney - South West,1GSYD,Greater Sydney,"1",New South Wales,5.463000000000000,1GSYD,Greater Sydney,"1",New South Wales,12368.193300000000818,150.887470389146,-33.9150057681107
"127011505","11505",Austral - Greendale,"12701",Bringelly - Green Valley,"127",Sydney - South West,1GSYD,Greater Sydney,"1",New South Wales,110.714600000000004,1GSYD,Greater Sydney,"1",New South Wales,12368.193300000000818,150.740516569302,-33.9181457128297
"127011506","11506",Cobbitty - Leppington,"12701",Bringelly - Green Valley,"127",Sydney - South West,1GSYD,Greater Sydney,"1",New South Wales,132.137499999999989,1GSYD,Greater Sydney,"1",New South Wales,12368.193300000000818,150.728824968723,-33.9831830040905
"127011592","11592",Badgerys Creek,"12701",Bringelly - Green Valley,"127",Sydney - South West,1GSYD,Greater Sydney,"1",New South Wales,17.577400000000001,1GSYD,Greater Sydney,"1",New South Wales,12368.193300000000818,150.72089312251,-33.8903452828648
"127011593","11593",Cecil Hills,"12701",Bringelly - Green Valley,"127",Sydney - South West,1GSYD,Greater Sydney,"1",New South Wales,3.747800000000000,1GSYD,Greater Sydney,"1",New South Wales,12368.193300000000818,150.848149999466,-33.888753116548
"127011594","11594",Green Valley,"12701",Bringelly - Green Valley,"127",Sydney - South West,1GSYD,Greater Sydney,"1",New South Wales,3.214500000000000,1GSYD,Greater Sydney,"1",New South Wales,12368.193300000000818,150.867152061906,-33.9029207460848
"127011595","11595",Hinchinbrook,"12701",Bringelly - Green Valley,"127",Sydney - South West,1GSYD,Greater Sydney,"1",New South Wales,5.225000000000000,1GSYD,Greater Sydney,"1",New South Wales,12368.193300000000818,150.858666400454,-33.9128423858505
"127011596","11596",Hoxton Park - Carnes Hill - Horningsea Park,"12701",Bringelly - Green Valley,"127",Sydney - South West,1GSYD,Greater Sydney,"1",New South Wales,4.126400000000000,1GSYD,Greater Sydney,"1",New South Wales,12368.193300000000818,150.850355036347,-33.9356330408626
"127011597","11597",West Hoxton - Middleton Grange,"12701",Bringelly - Green Valley,"127",Sydney - South West,1GSYD,Greater Sydney,"1",New South Wales,9.262600000000001,1GSYD,Greater Sydney,"1",New South Wales,12368.193300000000818,150.835208091542,-33.9285161337159
"127021509","11509",Bonnyrigg Heights - Bonnyrigg,"12702",Fairfield,"127",Sydney - South West,1GSYD,Greater Sydney,"1",New South Wales,5.188700000000000,1GSYD,Greater Sydney,"1",New South Wales,12368.193300000000818,150.881133651865,-33.8925790389265
"127021510","11510",Bossley Park - Abbotsbury,"12702",Fairfield,"127",Sydney - South West,1GSYD,Greater Sydney,"1",New South Wales,9.514600000000000,1GSYD,Greater Sydney,"1",New South Wales,12368.193300000000818,150.872115463488,-33.8661589092681
"127021511","11511",Cabramatta - Lansvale,"12702",Fairfield,"127",Sydney - South West,1GSYD,Greater Sydney,"1",New South Wales,7.596400000000000,1GSYD,Greater Sydney,"1",New South Wales,12368.193300000000818,150.946065174967,-33.8988818538793
"127021512","11512",Cabramatta West - Mount Pritchard,"12702",Fairfield,"127",Sydney - South West,1GSYD,Greater Sydney,"1",New South Wales,5.342900000000000,1GSYD,Greater Sydney,"1",New South Wales,12368.193300000000818,150.907728970884,-33.8993595478527
"127021513","11513",Canley Vale - Canley Heights,"12702",Fairfield,"127",Sydney - South West,1GSYD,Greater Sydney,"1",New South Wales,5.416100000000000,1GSYD,Greater Sydney,"1",New South Wales,12368.193300000000818,150.936264965134,-33.8844392670598
"127021514","11514",Edensor Park,"12702",Fairfield,"127",Sydney - South West,1GSYD,Greater Sydney,"1",New South Wales,3.095500000000000,1GSYD,Greater Sydney,"1",New South Wales,12368.193300000000818,150.877779502191,-33.8797050073481
"127021515","11515",Fairfield,"12702",Fairfield,"127",Sydney - South West,1GSYD,Greater Sydney,"1",New South Wales,4.230400000000000,1GSYD,Greater Sydney,"1",New South Wales,12368.193300000000818,150.951894140359,-33.8711213775989
"127021516","11516",Fairfield - West,"12702",Fairfield,"127",Sydney - South West,1GSYD,Greater Sydney,"1",New South Wales,4.691500000000000,1GSYD,Greater Sydney,"1",New South Wales,12368.193300000000818,150.929658266969,-33.8681735091325
"127021517","11517",Greenfield Park - Prairiewood,"12702",Fairfield,"127",Sydney - South West,1GSYD,Greater Sydney,"1",New South Wales,3.636700000000000,1GSYD,Greater Sydney,"1",New South Wales,12368.193300000000818,150.899703000036,-33.8679439286453
"127021518","11518",Horsley Park - Kemps Creek,"12702",Fairfield,"127",Sydney - South West,1GSYD,Greater Sydney,"1",New South Wales,56.277299999999997,1GSYD,Greater Sydney,"1",New South Wales,12368.193300000000818,150.820353661478,-33.8486678595035
"127021519","11519",Smithfield - Wetherill Park,"12702",Fairfield,"127",Sydney - South West,1GSYD,Greater Sydney,"1",New South Wales,6.612300000000000,1GSYD,Greater Sydney,"1",New South Wales,12368.193300000000818,150.92552056376,-33.8533287736896
"127021520","11520",St Johns Park - Wakeley,"12702",Fairfield,"127",Sydney - South West,1GSYD,Greater Sydney,"1",New South Wales,3.611100000000000,1GSYD,Greater Sydney,"1",New South Wales,12368.193300000000818,150.905403193303,-33.8790358325018
"127021521","11521",Wetherill Park Industrial,"12702",Fairfield,"127",Sydney - South West,1GSYD,Greater Sydney,"1",New South Wales,8.556600000000000,1GSYD,Greater Sydney,"1",New South Wales,12368.193300000000818,150.898619963607,-33.8404413788552
"127031522","11522",Casula,"12703",Liverpool,"127",Sydney - South West,1GSYD,Greater Sydney,"1",New South Wales,7.071900000000000,1GSYD,Greater Sydney,"1",New South Wales,12368.193300000000818,150.899488607178,-33.9522159674953
"127031523","11523",Chipping Norton - Moorebank,"12703",Liverpool,"127",Sydney - South West,1GSYD,Greater Sydney,"1",New South Wales,14.490200000000000,1GSYD,Greater Sydney,"1",New South Wales,12368.193300000000818,150.953073468715,-33.9272154222179
"127031524","11524",Holsworthy - Wattle Grove,"12703",Liverpool,"127",Sydney - South West,1GSYD,Greater Sydney,"1",New South Wales,73.700100000000006,1GSYD,Greater Sydney,"1",New South Wales,12368.193300000000818,150.944042246593,-33.9914541867862
"127031598","11598",Liverpool,"12703",Liverpool,"127",Sydney - South West,1GSYD,Greater Sydney,"1",New South Wales,6.318500000000000,1GSYD,Greater Sydney,"1",New South Wales,12368.193300000000818,150.91581736798,-33.9234059271775
"127031599","11599",Lurnea - Cartwright,"12703",Liverpool,"127",Sydney - South West,1GSYD,Greater Sydney,"1",New South Wales,3.466500000000000,1GSYD,Greater Sydney,"1",New South Wales,12368.193300000000818,150.894960865822,-33.9328052461771
"127031600","11600",Prestons - Edmondson Park,"12703",Liverpool,"127",Sydney - South West,1GSYD,Greater Sydney,"1",New South Wales,14.132300000000001,1GSYD,Greater Sydney,"1",New South Wales,12368.193300000000818,150.866824227254,-33.948262914624
"127031601","11601",Warwick Farm,"12703",Liverpool,"127",Sydney - South West,1GSYD,Greater Sydney,"1",New South Wales,4.650200000000000,1GSYD,Greater Sydney,"1",New South Wales,12368.193300000000818,150.937005355672,-33.9129071636597
"128011529","11529",Gymea - Grays Point,"12801",Cronulla - Miranda - Caringbah,"128",Sydney - Sutherland,1GSYD,Greater Sydney,"1",New South Wales,5.797800000000000,1GSYD,Greater Sydney,"1",New South Wales,12368.193300000000818,151.084920775535,-34.0455485508975
"128011530","11530",Miranda - Yowie Bay,"12801",Cronulla - Miranda - Caringbah,"128",Sydney - Sutherland,1GSYD,Greater Sydney,"1",New South Wales,5.996800000000000,1GSYD,Greater Sydney,"1",New South Wales,12368.193300000000818,151.10341165371,-34.0358657918175
"128011531","11531",Sylvania - Taren Point,"12801",Cronulla - Miranda - Caringbah,"128",Sydney - Sutherland,1GSYD,Greater Sydney,"1",New South Wales,6.072500000000000,1GSYD,Greater Sydney,"1",New South Wales,12368.193300000000818,151.107170539524,-34.0154372752546
"128011602","11602",Caringbah,"12801",Cronulla - Miranda - Caringbah,"128",Sydney - Sutherland,1GSYD,Greater Sydney,"1",New South Wales,3.995800000000000,1GSYD,Greater Sydney,"1",New South Wales,12368.193300000000818,151.124243870376,-34.0365419259373
"128011603","11603",Caringbah South,"12801",Cronulla - Miranda - Caringbah,"128",Sydney - Sutherland,1GSYD,Greater Sydney,"1",New South Wales,4.069900000000000,1GSYD,Greater Sydney,"1",New South Wales,12368.193300000000818,151.12067715648,-34.0541833465804
"128011604","11604",Cronulla - Kurnell - Bundeena,"12801",Cronulla - Miranda - Caringbah,"128",Sydney - Sutherland,1GSYD,Greater Sydney,"1",New South Wales,25.086500000000001,1GSYD,Greater Sydney,"1",New South Wales,12368.193300000000818,151.185205880544,-34.0317931044171
"128011605","11605",Lilli Pilli - Port Hacking - Dolans Bay,"12801",Cronulla - Miranda - Caringbah,"128",Sydney - Sutherland,1GSYD,Greater Sydney,"1",New South Wales,1.270600000000000,1GSYD,Greater Sydney,"1",New South Wales,12368.193300000000818,151.120149355993,-34.0668700942028
"128011606","11606",Woolaware - Burraneer,"12801",Cronulla - Miranda - Caringbah,"128",Sydney - Sutherland,1GSYD,Greater Sydney,"1",New South Wales,3.328200000000000,1GSYD,Greater Sydney,"1",New South Wales,12368.193300000000818,151.138951869794,-34.0520415724399
"128021533","11533",Heathcote - Waterfall,"12802",Sutherland - Menai - Heathcote,"128",Sydney - Sutherland,1GSYD,Greater Sydney,"1",New South Wales,27.616199999999999,1GSYD,Greater Sydney,"1",New South Wales,12368.193300000000818,150.980625978966,-34.1064754444003
"128021534","11534",Illawong - Alfords Point,"12802",Sutherland - Menai - Heathcote,"128",Sydney - Sutherland,1GSYD,Greater Sydney,"1",New South Wales,7.297800000000000,1GSYD,Greater Sydney,"1",New South Wales,12368.193300000000818,151.033805809009,-33.994807315305
"128021535","11535",Menai - Lucas Heights - Woronora,"12802",Sutherland - Menai - Heathcote,"128",Sydney - Sutherland,1GSYD,Greater Sydney,"1",New South Wales,33.404699999999998,1GSYD,Greater Sydney,"1",New South Wales,12368.193300000000818,151.001193771757,-34.0222823989705
"128021536","11536",Oyster Bay - Como - Jannali,"12802",Sutherland - Menai - Heathcote,"128",Sydney - Sutherland,1GSYD,Greater Sydney,"1",New South Wales,8.905300000000000,1GSYD,Greater Sydney,"1",New South Wales,12368.193300000000818,151.070346967058,-34.0103254456656
"128021537","11537",Royal National Park,"12802",Sutherland - Menai - Heathcote,"128",Sydney - Sutherland,1GSYD,Greater Sydney,"1",New South Wales,139.333599999999990,1GSYD,Greater Sydney,"1",New South Wales,12368.193300000000818,151.067649161362,-34.111427870444
"128021538","11538",Sutherland - Kirrawee,"12802",Sutherland - Menai - Heathcote,"128",Sydney - Sutherland,1GSYD,Greater Sydney,"1",New South Wales,7.754700000000000,1GSYD,Greater Sydney,"1",New South Wales,12368.193300000000818,151.063922231645,-34.0319642642908
"128021607","11607",Engadine,"12802",Sutherland - Menai - Heathcote,"128",Sydney - Sutherland,1GSYD,Greater Sydney,"1",New South Wales,8.953799999999999,1GSYD,Greater Sydney,"1",New South Wales,12368.193300000000818,151.01362036232,-34.05477177649
"128021608","11608",Loftus - Yarrawarrah,"12802",Sutherland - Menai - Heathcote,"128",Sydney - Sutherland,1GSYD,Greater Sydney,"1",New South Wales,3.843600000000000,1GSYD,Greater Sydney,"1",New South Wales,12368.193300000000818,151.03866226957,-34.0494473962592
"128021609","11609",Woronora Heights,"12802",Sutherland - Menai - Heathcote,"128",Sydney - Sutherland,1GSYD,Greater Sydney,"1",New South Wales,3.137400000000000,1GSYD,Greater Sydney,"1",New South Wales,12368.193300000000818,151.028522745548,-34.0335167810225
